{"text": "ok but why is his hair 100x better than mine", "sentiment": 0.0}
{"text": "I want to go to a drive in theater", "sentiment": 0.0}
{"text": "So sorry to hear this Sending my thoughts", "sentiment": 0.0}
{"text": "RT Probs telling his real girlfriend you re a mate from school who died", "sentiment": 0.0}
{"text": "lmfao bathong Mbali", "sentiment": 0.0}
{"text": "Crystal and Dulce are leaving", "sentiment": 0.0}
{"text": "RT Damn these sad girl tendencies", "sentiment": 0.0}
{"text": "I miss seeing Fabby and Mel everyday", "sentiment": 0.0}
{"text": "I m too honest for my family I just set people out casually", "sentiment": 0.0}
{"text": "My tummy hurts so bad", "sentiment": 0.0}
{"text": "Overthinking fucking killing me", "sentiment": 0.0}
{"text": "When exposing your baby daddy goes wrong", "sentiment": 0.0}
{"text": "RT yes thank you and i love you so much eya", "sentiment": 0.0}
{"text": "Ready for the weekendd", "sentiment": 0.0}
{"text": "RT I luv replied to your story I luv tagged you in a post I luv mentioned you in a comment", "sentiment": 0.0}
{"text": "RT posada i have no motivation for school anymore", "sentiment": 0.0}
{"text": "The mountains are frosty snow is here", "sentiment": 0.0}
{"text": "I honestly miss my old Civic", "sentiment": 0.0}
{"text": "1st day back after a week off not feeling it Haha Up at 5 30 leaving by 6 30", "sentiment": 0.0}
{"text": "My mom just comments on my Instagram posts to roast me", "sentiment": 0.0}
{"text": "Sorryyyy", "sentiment": 0.0}
{"text": "RT Namjoon changed the lyrics to i wish you could love yourself WINGSTourInMacau", "sentiment": 0.0}
{"text": "RT boa I miss my boyfriend", "sentiment": 0.0}
{"text": "Things where so different a year ago today", "sentiment": 0.0}
{"text": "true", "sentiment": 0.0}
{"text": "i swear i was at my happiest in seoul i miss", "sentiment": 0.0}
{"text": "I have nothing to watch on Netflix", "sentiment": 0.0}
{"text": "One day i will come from saudi arabia to norway just to see henrik and hug him alot", "sentiment": 0.0}
{"text": "i learned this the hard way with my momma", "sentiment": 0.0}
{"text": "Just been on the phone greeting to my Mum cus I m ill take me home", "sentiment": 0.0}
{"text": "RT Emmmmm ecccuuuusssmmmiii I m the one who bought you cheesecake", "sentiment": 0.0}
{"text": "yes thank you and i love you so much eya", "sentiment": 0.0}
{"text": "all needa link up soon and have a reunion like shii", "sentiment": 0.0}
{"text": "Your the idiot who s tweeting about him being an idiot and not getting him down", "sentiment": 0.0}
{"text": "pls send melona", "sentiment": 0.0}
{"text": "RT just want love and attention", "sentiment": 0.0}
{"text": "Miss him gassing me up", "sentiment": 0.0}
{"text": "I hate feeling lonely even if people are around me", "sentiment": 0.0}
{"text": "RT annaahi I just want to watch movies and cuddle", "sentiment": 0.0}
{"text": "RT i feel like everyone sleep and i m the only one up", "sentiment": 0.0}
{"text": "one week till classes start for me", "sentiment": 0.0}
{"text": "RT Sarenaaa Does anyone else not know how to study or is that just me", "sentiment": 0.0}
{"text": "Someday", "sentiment": 0.0}
{"text": "RT But ily you can t just leave me", "sentiment": 0.0}
{"text": "I just want to go to Cali and be with my cousins", "sentiment": 0.0}
{"text": "RT I thought we been knew this", "sentiment": 0.0}
{"text": "I m soooooo done take me back home", "sentiment": 0.0}
{"text": "RT hotgirljay i want a lesbian suga mama but she gotta be fine", "sentiment": 0.0}
{"text": "I m in my feelzzzz imy", "sentiment": 0.0}
{"text": "i feel like everyone sleep and i m the only one up", "sentiment": 0.0}
{"text": "RT I haven t gone to the movies in 4ever", "sentiment": 0.0}
{"text": "i m ready for bed", "sentiment": 0.0}
{"text": "RT I hate beefing with my boo like I know I started shit but I miss u bitch damn chill out", "sentiment": 0.0}
{"text": "My PS4 deadass just broke", "sentiment": 0.0}
{"text": "I quit taking ibuprofen and drinking coffee", "sentiment": 0.0}
{"text": "RT um why does this look like an au in which jk is dead but both of them can t move on", "sentiment": 0.0}
{"text": "i m a pain in the ass dude i crack jokes in serious situations and no ones okay with it", "sentiment": 0.0}
{"text": "I wish my mom was here to give me barelies rn", "sentiment": 0.0}
{"text": "RT kimm Another shooting in the U S this week R I P to those 20 people", "sentiment": 0.0}
{"text": "RT when does it start getting better cause I m losing all my faith", "sentiment": 0.0}
{"text": "56hater bc it makes me feel even more lonely and I get really sad", "sentiment": 0.0}
{"text": "RT Nakakalungkot naman may you rest in peace Ms Isabel Deepest condolences to her family and loved ones", "sentiment": 0.0}
{"text": "Who telling u my business", "sentiment": 0.0}
{"text": "College life", "sentiment": 0.0}
{"text": "My brother punched me so hard cause he saw me taking a shot of tequila", "sentiment": 0.0}
{"text": "I have that itchy feeling in my throat that usually means I ll be sick amp stuck in bed soon Seems like it happen", "sentiment": 0.0}
{"text": "Reminding myself not to complain with whatever schedule I get because I m a year late na I need to graduate na", "sentiment": 0.0}
{"text": "Can i just die", "sentiment": 0.0}
{"text": "He s my favorite person in the whole world", "sentiment": 0.0}
{"text": "tempted to sit in my AWS class with my shades on", "sentiment": 0.0}
{"text": "2turntthalia i m too lazy to roll", "sentiment": 0.0}
{"text": "RT just trynna cuddle n watch movies lol", "sentiment": 0.0}
{"text": "RT So close EscapeRoom", "sentiment": 0.0}
{"text": "Can t wait to go back to bed tonight", "sentiment": 0.0}
{"text": "i guess friends break your heart too", "sentiment": 0.0}
{"text": "RT What do u do when they re your person but you re not their person", "sentiment": 0.0}
{"text": "RT Feeling very bittersweet about tomorrow the last time we ll ever watch a FiftyShades trailer for the first time", "sentiment": 0.0}
{"text": "hay i h8 how happy relationships end real quick", "sentiment": 0.0}
{"text": "Kihyun I cannot get enough of you", "sentiment": 0.0}
{"text": "I MISS HIGH SCHOOL", "sentiment": 0.0}
{"text": "Ik I m being a baby but it s so scary heartbreaking to say my mom lives hours away from me", "sentiment": 0.0}
{"text": "i feel u", "sentiment": 0.0}
{"text": "I m soooo needy rn", "sentiment": 0.0}
{"text": "12 I adore u so much", "sentiment": 0.0}
{"text": "RT sleeping alone sucks so much I d rather be laid tf up", "sentiment": 0.0}
{"text": "Another morning yacht hunting in Bali with nobody sailing my way findedaboat", "sentiment": 0.0}
{"text": "I m high and I put on across the universe and alicia started laughing at me", "sentiment": 0.0}
{"text": "RT I was so insecure with my body amp then I discovered this 29 days later amp I m so happy It can t hurt to try The link i", "sentiment": 1.0}
{"text": "RT I was so insecure with my body amp then I discovered this 29 days later amp I m so happy It can t hurt to try The link is", "sentiment": 1.0}
{"text": "happy birthday Miss you amp our bonfires and sleepovers have a good day enjoy it to the fullest", "sentiment": 1.0}
{"text": "tea Manqote talk bro nbd", "sentiment": 1.0}
{"text": "Hello dear Jena Lovely new week for you too", "sentiment": 1.0}
{"text": "RT Me My favorite language is emoji Friend That s not a langu Me F I I didn t know you felt that way Me F", "sentiment": 1.0}
{"text": "RT I m so high right now", "sentiment": 1.0}
{"text": "RT ARMYs ah Fighting Vote for BTS Team work makes dream work Mnet Give us an explanation", "sentiment": 1.0}
{"text": "RT Thankyou so much to anyone who already has tickets can t wait to see you on the road again", "sentiment": 1.0}
{"text": "RT And Lynn knows it", "sentiment": 1.0}
{"text": "RT Good morning daw IGS ALDUBBesideYou", "sentiment": 1.0}
{"text": "First time photo was with caption Missing LA sky Now", "sentiment": 1.0}
{"text": "this boy really be having me joked out", "sentiment": 1.0}
{"text": "You sound like a Bernie supporter", "sentiment": 1.0}
{"text": "RT Lets cuddlefuck", "sentiment": 1.0}
{"text": "Choco played very well in a forest", "sentiment": 1.0}
{"text": "RT Email confirmation video proof of ENDviolence donation", "sentiment": 1.0}
{"text": "feet1 keeps sniffing your soles amp toes while rubbing them amp in between", "sentiment": 1.0}
{"text": "Sooooo watching teen wolf all over again is da move", "sentiment": 1.0}
{"text": "RT Hope you guys are readyy", "sentiment": 1.0}
{"text": "RT i love you all so so so much BreakALittle", "sentiment": 1.0}
{"text": "RT BT21 in Times Square", "sentiment": 1.0}
{"text": "RT Humor What a slap to and", "sentiment": 1.0}
{"text": "I love having friends that make you laugh until your stomach hurts", "sentiment": 1.0}
{"text": "I gotta say this weekend was a good one and i honestly thought it was gonna suck", "sentiment": 1.0}
{"text": "RT I wore my sweater dress out yesterday and got so many compliments", "sentiment": 1.0}
{"text": "Couldn t ask for more BeOurGuest", "sentiment": 1.0}
{"text": "Dapper day with my love today dapperday", "sentiment": 1.0}
{"text": "don t mind them just focus on SJ s comeback ReadyToPlay", "sentiment": 1.0}
{"text": "Okay heyitsdelilah asked me what I want for Christmas the other day I wonder if I tell her a hedgehog if she ll actually get it", "sentiment": 1.0}
{"text": "When you re supposed to be working but ur reading s ch2 huhu they re so cute it really feels like their true characters", "sentiment": 1.0}
{"text": "RT 171104 Dream Concert 46 RedVelvet Irene Wendy gentle wan", "sentiment": 1.0}
{"text": "armytrouxa HAPPY BIRTHDAY SWEETIE I HOPE YOU HAVE AN AMAZING DAY BEAUTIFUL", "sentiment": 1.0}
{"text": "Like for a tbh n rate", "sentiment": 1.0}
{"text": "Aw thank you so much for sharing xx", "sentiment": 1.0}
{"text": "You ve got this And when you re ready for it try CP Match to get CPs betas Lally hosts it", "sentiment": 1.0}
{"text": "FEEELS SO DAMN GOOD TO SEE MY DAUGHTER", "sentiment": 1.0}
{"text": "RT It s always you three", "sentiment": 1.0}
{"text": "RT Images from yesterday s Meet and Greet with SRK are up Download the HD pictures from this link", "sentiment": 1.0}
{"text": "This day just keeps getting better Wohoo", "sentiment": 1.0}
{"text": "KEEP TALKING BITCH don t worry we will never ever give u any attention", "sentiment": 1.0}
{"text": "RT I like me better When I m with u", "sentiment": 1.0}
{"text": "I have some REALLY GOOD NEWS It s been hard keeping it to myself but I want folks to keep sleeping on me", "sentiment": 1.0}
{"text": "Aww Henry", "sentiment": 1.0}
{"text": "RT happy birthday ben", "sentiment": 1.0}
{"text": "Prepare for the best time of your life", "sentiment": 1.0}
{"text": "RT TAEE Goodnight", "sentiment": 1.0}
{"text": "Love you too", "sentiment": 1.0}
{"text": "boutta face this blunt and ko", "sentiment": 1.0}
{"text": "Making my Christmas list", "sentiment": 1.0}
{"text": "Him Awww You re cute when you re mad Me ughhhh", "sentiment": 1.0}
{"text": "I ve been really happy today Today was a good day", "sentiment": 1.0}
{"text": "Thank you", "sentiment": 1.0}
{"text": "Just post it on ASD don t mind if a lot of people will use it", "sentiment": 1.0}
{"text": "throwback everyone in my family looked so young cute and good in this picture", "sentiment": 1.0}
{"text": "feet1 sniffs your soles amp toes while rubbing them", "sentiment": 1.0}
{"text": "Same GLENN WAS MY FAVORITE CHARACTER", "sentiment": 0.0}
{"text": "ugh my cat is being a butthead and won t cuddle with me", "sentiment": 0.0}
{"text": "RT Y all need to leave him the fuck alone he s so uncomfortable omg", "sentiment": 0.0}
{"text": "it was the one I had just got prime on too", "sentiment": 0.0}
{"text": "I didint get any Halloween candy this year n it still makes me so sad", "sentiment": 0.0}
{"text": "it s my fav time when i have my coffee", "sentiment": 0.0}
{"text": "RT this is so cute they re so cute", "sentiment": 0.0}
{"text": "ughh im too emotional for that shit", "sentiment": 0.0}
{"text": "you re cute i thibk i m all good now thanks to you", "sentiment": 0.0}
{"text": "I want another puppy", "sentiment": 0.0}
{"text": "miss them together", "sentiment": 0.0}
{"text": "RT my smol baby", "sentiment": 0.0}
{"text": "Awww no sweetie Sending all my best wishes get well soon bby", "sentiment": 0.0}
{"text": "RT this is the cutest thing i ve ever seen look at his pinky finger it s so small and chubby what a baby", "sentiment": 0.0}
{"text": "113 Sorry I only Rp with Disney characters", "sentiment": 0.0}
{"text": "I need a hug", "sentiment": 0.0}
{"text": "AM nerfed", "sentiment": 0.0}
{"text": "RT Saeen Sadly this seems to be how it works", "sentiment": 0.0}
{"text": "People get sooo brave on anonymous it s ridiculous I m sorry people were rude to you about it", "sentiment": 0.0}
{"text": "I m so sorry isa I m here for u sister and i hope everything gets better", "sentiment": 0.0}
{"text": "me too", "sentiment": 0.0}
{"text": "Sick came on I m", "sentiment": 0.0}
{"text": "I don t really know what to say Poor Leon is stressed to the max right now It s been a long week I hate missing shows", "sentiment": 0.0}
{"text": "I keep missing the workshops at school", "sentiment": 0.0}
{"text": "Alize Love you", "sentiment": 0.0}
{"text": "RT i know none of us want to vote but imagine our boys sitting there and recieveing nothing it really hurts STAND BY B", "sentiment": 0.0}
{"text": "RT bye i fucking hate twitter yall make me want a kid so bad", "sentiment": 0.0}
{"text": "my mouse isn t working why does my computer hate me so much", "sentiment": 0.0}
{"text": "even me rani", "sentiment": 0.0}
{"text": "He s the softest when it comes to a child", "sentiment": 0.0}
{"text": "RT amg How is it ugly she s so cute", "sentiment": 0.0}
{"text": "same", "sentiment": 0.0}
{"text": "Can t sleep", "sentiment": 0.0}
{"text": "too much memories jd males", "sentiment": 0.0}
{"text": "RT all i can think about during storms is all the dogs scared and left outside by their mean owners", "sentiment": 0.0}
{"text": "Guys Vote for BTS STAND BY BTS", "sentiment": 0.0}
{"text": "somebody bring me food", "sentiment": 0.0}
{"text": "cuz there were 2 Texas church and Fresno Cali church shootings", "sentiment": 0.0}
{"text": "I NEED TO EDIT AGAIN IM", "sentiment": 0.0}
{"text": "RT mannn i wish i could work right now get pim to the vet and just get him checked out", "sentiment": 0.0}
{"text": "Bruh", "sentiment": 0.0}
{"text": "I am hungry af I can t find anything vegetarian open at this time amp I pray to God for strength so I don t end up ordering cheese pizza", "sentiment": 0.0}
{"text": "hi goodmorning sigh i have college today", "sentiment": 0.0}
{"text": "RT jungkook is jimin s big baby", "sentiment": 0.0}
{"text": "A Boring Monday Imma Have", "sentiment": 0.0}
{"text": "RT groves Nothing worse than the feeling you get in your chest when you feel how heavy something shit hits u", "sentiment": 0.0}
{"text": "RT Hey guys i found this pupper running around Farm amp Buffalo with no dog tag Help this pup find his home", "sentiment": 0.0}
{"text": "Somebody please save him", "sentiment": 0.0}
{"text": "RT There s no money in fellowship and togetherness", "sentiment": 0.0}
{"text": "Horny", "sentiment": 0.0}
{"text": "RT whenever yoongi removes his ear piece to hear the cheers of the fans", "sentiment": 0.0}
{"text": "Same here", "sentiment": 0.0}
{"text": "RT im so tired of living on campus and it s barely halfway through fall quarter", "sentiment": 0.0}
{"text": "simanta Even I Felt The Same When I Countered Congressi Friends They Called Me A HBS Stooge Though Pidi", "sentiment": 0.0}
{"text": "My basketball is almost broken I need a new one", "sentiment": 0.0}
{"text": "i know i know thank u babygirl", "sentiment": 0.0}
{"text": "MISS YOU MORE we need a date in december plz", "sentiment": 0.0}
{"text": "Mr Gonzales replied my story and told me he missed me", "sentiment": 0.0}
{"text": "Mom told me if I m already courting somebody I can just get fragrances from her closet Badly they re all perfume for femme Hay", "sentiment": 0.0}
{"text": "RT I really hate how I need constant reassurance", "sentiment": 1.0}
{"text": "RT Let s be crazy flyers hahahaah crazy sa mayward MayWard only ConfirmedMakingMegaMAYWARD", "sentiment": 1.0}
{"text": "its up now", "sentiment": 1.0}
{"text": "Thank you", "sentiment": 1.0}
{"text": "RT works for me cheers finish the rest of my wine on Sunday", "sentiment": 1.0}
{"text": "Baffling me entirely was how the Malayalam sounded like home like Bangalore like it has always been there", "sentiment": 1.0}
{"text": "You have utterly amazing tits x", "sentiment": 1.0}
{"text": "RT Time to play some WW2 after a very good day of bowling Qualified for the Top 16 at the tourney I went to today", "sentiment": 1.0}
{"text": "RT Pls keep streaming when u can Where You At rose 2 spot at 3PM KST Let s stay within top 20 And yes I renewed my Mel", "sentiment": 1.0}
{"text": "Thanks for being part of my community", "sentiment": 1.0}
{"text": "RT dear future husband I WILL be proposed to at Disney world and I WILL be getting married there as well thanks", "sentiment": 1.0}
{"text": "Life To be beautiful means to be yourself", "sentiment": 1.0}
{"text": "RT Nice infographics by NationalKissesDay", "sentiment": 1.0}
{"text": "Check out my new post How to make Halloween Party foods", "sentiment": 1.0}
{"text": "Gonna upload a video tomorrow Me and Andrew filmed a lil vlog and I ll post it tomorrow so if anyone watches lmk what you think", "sentiment": 1.0}
{"text": "RT Burds", "sentiment": 1.0}
{"text": "Hi I m the person who looks after our volunteers you can inbox me your contact details and I ll get", "sentiment": 1.0}
{"text": "Guerrero We love you kisses Thank you direk NationalKissesDay", "sentiment": 1.0}
{"text": "Stats for the day have arrived 2 new followers and NO unfollowers via", "sentiment": 1.0}
{"text": "RT How much ever fun one has Government always has the last laugh", "sentiment": 1.0}
{"text": "Y all are too hard on yourselves you ve been very active", "sentiment": 1.0}
{"text": "Thank you", "sentiment": 1.0}
{"text": "hey trump there is a rat beside ya on march 2nd that rat will still be a rat cheers A LITERAL RAT", "sentiment": 1.0}
{"text": "RT when someone loves you they don t have to say it you can tell by the way they treat you", "sentiment": 1.0}
{"text": "RT Appreciate me and I promise you you ll get the best out of me", "sentiment": 1.0}
{"text": "RT Looking forward to Monday Sen Menendez conviction One or more Podesta indictments Maybe more", "sentiment": 1.0}
{"text": "RT Kisses International Team Live NationalKissesDay", "sentiment": 1.0}
{"text": "RT rt to be in a wdw gc stan wdw be active amp lit mbf or open dms age not on the clock take a joke come up w name afte", "sentiment": 1.0}
{"text": "RT Sneak peek NewProfilePic", "sentiment": 1.0}
{"text": "RT 2017 Hi guys feel free to check out our website and whitepaper no marketing gimmicks pure crypto innovation https", "sentiment": 1.0}
{"text": "Iphones for sale Just pm me", "sentiment": 1.0}
{"text": "Ed Sheeran Happier Official Audio and thank you friend", "sentiment": 1.0}
{"text": "Things are working fine now and we are back in action You may retry and start ordering", "sentiment": 1.0}
{"text": "RT CL in New York", "sentiment": 1.0}
{"text": "Same here December is my favorite cause of christmas", "sentiment": 1.0}
{"text": "This is my cc ask my anything", "sentiment": 1.0}
{"text": "now am gonna be cuttin about lookin like a pure mink when i could ve at least looked like one w makeup on", "sentiment": 1.0}
{"text": "RT M4A1 S Guardian MW Giveaway Follow me RT Visit Tag 1 friend 12 hours", "sentiment": 1.0}
{"text": "s STOP Act will halt illegal export of objects of cultural patrimony amp increase NAGPRA penalties", "sentiment": 1.0}
{"text": "RT Sounds like a known issue that we re already working on Thanks for reporting though", "sentiment": 1.0}
{"text": "RT Here it is don t be scared he doesn t bite", "sentiment": 1.0}
{"text": "Turned on my computer and", "sentiment": 1.0}
{"text": "You are superspecial and Always Will Be lt waves pompoms gt", "sentiment": 1.0}
{"text": "RT Some new personal work Inspired by an evening stroll in Prague", "sentiment": 1.0}
{"text": "If you re having issues joining our server check the port", "sentiment": 1.0}
{"text": "RT Facts of the day Nazis are bad Commies are good Capitalism is bad Communism is good All LGBT are beautiful", "sentiment": 1.0}
{"text": "Check out my new post THE TRUE EVOLUTION OF NAIJA MEN S STYLE AYOMIDE DANIEL", "sentiment": 1.0}
{"text": "RT Pena99 Good morning y all", "sentiment": 1.0}
{"text": "Ohk will check Hope it is there", "sentiment": 1.0}
{"text": "RT roses jazz happy to engage with you this week", "sentiment": 1.0}
{"text": "RT Here is my speech at the IndianTelevisionAwards", "sentiment": 1.0}
{"text": "RT lpz I couldn t wait to post these haha", "sentiment": 1.0}
{"text": "RT Just landed in Detroit", "sentiment": 1.0}
{"text": "I ll tell you", "sentiment": 1.0}
{"text": "RT carrasco Cute ni kisses Thank you Sir Archie NationalKissesDay", "sentiment": 1.0}
{"text": "You make me smile", "sentiment": 1.0}
{"text": "OW bummed i couldn t make it but glad you enjoyed it", "sentiment": 1.0}
{"text": "Bring me a sub", "sentiment": 1.0}
{"text": "Here is it The music film for Wag Vir Jou ft HunterKennedy If you like share with the world", "sentiment": 1.0}
